Frequency_kHz,Spectrum_Hammer_Plastic_dB,Spectrum_Hammer_Metal_dB,Spectrum_Coilgun_Bare_dB,Spectrum_Coilgun_SoftPad_dB
0.0,8.036705106251375e-12,7.795623239613276e-12,4.9450712484838486e-12,7.90555657080025e-12
0.04999987499990521,-0.005973653506532679,-0.0010370252813183625,-3.252062942460747e-06,-0.002654841220152669
0.09999974999981041,-0.02390024967845819,-0.004148270892304452,-1.3008268280915302e-05,-0.010620477591330162
0.14999962499971561,-0.05379672406314144,-0.009334246205777365,-2.9268616071822665e-05,-0.023900249679572157
0.19999949999962083,-0.09569139849377407,-0.016595800688599907,-5.203311466068116e-05,-0.04249973349771282
0.24999937499952604,-0.1496241261345395,-0.025934124643739197,-8.130177573594988e-05,-0.06642675312803123
0.29999924999943123,-0.2156464969645781,-0.0373507502622004,-0.00011707461431548781,-0.09569139849784278
0.34999912499933644,-0.2938221061631012,-0.050847552979181615,-0.00015935164875611959,-0.13030604839388668
0.39999899999924166,-0.38422688866107885,-0.0664267531372821,-0.00020813290076800617,-0.1702853988377111
0.44999887499914687,-0.48694952399079205,-0.08409091796014871,-0.00026341839538174527,-0.21564649697354343
0.4999987499990521,-0.60209191652196,-0.103842963840642,-0.0003252081609684932,-0.2664087806511903
0.5499986249989574,-0.7297697572453659,-0.1256861589482944,-0.0003935022292484984,-0.32259412391901576
0.5999984999988625,-0.8701131744800238,-0.14962412616144372,-0.00046830063527261457,-0.3842268886768522
0.6499983749987678,-1.0232674822704644,-0.1756608463302126,-0.0005496034174356215,-0.45133398277586273
0.6999982499986729,-1.189394036846605,-0.203800661877167,-0.0006374106174615614,-0.5239449248924195
0.7499981249985782,-1.3686712133874455,-0.23404828074329626,-0.0007317222804237756,-0.6020919165464013
0.7999979999984833,-1.5612955175203282,-0.2664087806876764,-0.0008325384547311714,-0.6858099216815172
0.8499978749983885,-1.7674828485715173,-0.30088761395003527,-0.000939859192130865,-0.7751367542767935
0.8999977499982937,-1.9874699346509497,-0.33749061228629007,-0.001053684547709844,-0.8701131745149384
0.949997624998199,-2.22151596331487,-0.37622399238798643,-0.0011740145798946838,-0.9707829940956294
0.9999974999981042,-2.4699044359451063,-0.41709436169750896,-0.0013008493504512457,-1.077193191350577
1.0499973749980094,-2.732945279288008,-0.4601087246319351,-0.0014341889244872525,-1.1893940368937073
1.0999972499979147,-3.0109772540341706,-0.505274489229394,-0.0015740333704461667,-1.3074392306246607
1.1499971249978198,-3.304370708177156,-0.5525994742328878,-0.001720382760115516,-1.4313860509985785
1.199996999997725,-3.613530732533204,-0.6020919166277009,-0.0018732371686274913,-1.5612955175812262
1.2499968749976302,-3.9389007877105713,-0.6537604796497283,-0.0020325966744411954,-1.6972325680272609
1.2999967499975356,-4.280966886607153,-0.7076142612832698,-0.0021984613593692467,-1.8392662507531856
1.3499966249974407,-4.640262435004239,-0.7636628032683085,-0.0023708313085628895,-1.9874699347271432
1.3999964999973458,-5.0173738560924654,-0.8219161006386705,-0.002549706610511556,-2.1419215379679533
1.449996374997251,-5.4129471542553915,-0.8823846118140005,-0.0027350873570462673,-2.302703776538553
1.4999962499971564,-5.827695611088775,-0.9450792692701558,-0.00292697364334109,-2.469904436037932
1.5499961249970615,-6.262408855089565,-1.0100114908143647,-0.0031253655679116823,-2.64361666784482
1.5999959999969666,-6.717963609332744,-1.0771931914933388,-0.003330263232621539,-2.8239393126506918
1.649995874996872,-7.195336503794952,-1.1466367961645934,-0.003541666742668926,-3.010977254144775
1.699995749996777,-7.695619447836669,-1.2183552527632457,-0.0037595762065930896,-3.204841806086681
1.7499956249966824,-8.220038203738678,-1.2923620462990362,-0.0039839917362891365,-3.405651136431011
1.7999954999965875,-8.769974998514883,-1.368671213620585,-0.0042149134469843,-3.6135307326625337
1.8499953749964928,-9.346996279514808,-1.447297358986677,-0.004452341457253752,-3.8286139130717114
1.899995249996398,-9.95288709071188,-1.5282556704871482,-0.004696275889017094,-4.051042389362728
1.9499951249963032,-10.58969406789894,-1.611561937359018,-0.004946716867534839,-4.280966886755867
1.9999949999962083,-11.259779794053697,-1.6972325682467748,-0.005203664521419344,-4.518547828643845
2.0499948749961137,-11.965892333004955,-1.785284610459346,-0.005467118982623528,-4.763956093911581
2.0999947499960188,-12.711255349100568,-1.8757357702800215,-0.005737080386445029,-5.0173738562608925
2.149994624995924,-13.499686615012372,-1.9686044343897768,-0.006013548871530324,-5.278995516332077
2.1999944999958294,-14.335756398859218,-2.063909692468924,-0.006296524579868227,-5.549028739127834
2.249994374995734,-15.225003050533372,-2.161671361046889,-0.006586007656797847,-5.8276956112768366
2.2999942499956396,-16.174232581705297,-2.2619100086750423,-0.006881998251007834,-6.115233935092364
2.349994124995545,-17.191944939588527,-2.3646469825033303,-0.007184496514525009,-6.411898679270623
2.39999399999545,-18.288957381444547,-2.469904436347528,-0.007493502602738662,-6.717963609539838
2.4499938749953554,-19.479345732425667,-2.577705360340711,-0.007809016674368879,-7.033723126748022
2.4999937499952605,-20.78192062111707,-2.6880736122697457,-0.0081310388914995,-7.359494344932412
2.5499936249951656,-22.222651293963125,-2.801033950705625,-0.008459569419555085,-7.695619448061528
2.599993499995071,-23.838876464091285,-2.9166120700450584,-0.008794608427317451,-8.042468371653374
2.649993374994976,-25.68716216384292,-3.034834637590146,-0.009136156086906445,-8.400441864703295
2.6999932499948813,-27.859408978501037,-3.1557293328033302,-0.009484212573806104,-8.769974998755362
2.749993124994787,-30.52044030925463,-3.2793248888859887,-0.009838778066842503,-9.15154120511551
2.7999929999946915,-34.014445661074795,-3.4056511368413633,-0.010199852748199258,-9.545656938909644
2.849992874994597,-39.28523198746453,-3.534739052196065,-0.010567436803407897,-9.95288709096465
2.899992749994502,-51.74878078434573,-3.666620804569041,-0.010941530421347871,-10.373851296706258
2.9499926249944073,-46.174346725492654,-3.801329810293274,-0.011322133794269716,-10.809231327269861
2.999992499994313,-38.67068760659054,-3.938900788313153,-0.011709247117759322,-11.259779794313793
3.0499923749942175,-35.06069597682429,-4.079369819600238,-0.012102870590765886,-11.726330460041911
3.099992249994123,-32.78427044612902,-4.222774410351587,-0.012503004415587368,-12.209810522439323
3.149992124994028,-31.19702909140838,-4.36915355925877,-0.01290964879788491,-12.711255349360648
3.1999919999939332,-30.03667386537312,-4.518547829161916,-0.013322803946671152,-13.231826273322636
3.249991874993839,-29.17057138004853,-4.670999423432358,-0.0137424700743111,-13.772832245188905
3.299991749993744,-28.522550447277272,-4.826552267459451,-0.014168647396539375,-14.335756399108329
3.349991624993649,-28.04506495204357,-4.985252095653121,-0.014601336132435935,-14.922288932197812
3.399991499993554,-27.706685312644275,-5.147146544413022,-0.015040536504442328,-15.534368194247852
3.4499913749934596,-27.485795777465924,-5.312285251559556,-0.015486248738364428,-16.174232581926663
3.4999912499933648,-27.36714333875107,-5.480719962770859,-0.015938473063361606,-16.844486842484375
3.54999112499327,-27.33982792969953,-5.652504645624568,-0.01639720971195715,-17.548187879010634
3.599990999993175,-27.39607871781733,-5.827695611904394,-0.01686245892002934,-18.288957381611255
3.64999087499308,-27.530488101402533,-6.0063516488996385,-0.01733422092682475,-19.071132034888958
3.6999907499929856,-27.73952926813557,-6.188534160502379,-0.0178124959749483,-19.899967441736557
3.7499906249928907,-28.021261706026813,-6.374307318992942,-0.01829728431037459,-20.781920621182586
3.799990499992796,-28.375172206862448,-6.563738228500567,-0.01878858618242925,-21.72505049073453
3.8499903749927014,-28.802125015136593,-6.756897101234936,-0.01928640184381083,-22.73960092947689
3.8999902499926065,-29.30441309697541,-6.953857447706687,-0.019790731550582773,-23.838876463965136
3.9499901249925116,-29.885918565029503,-7.154696282293297,-0.02030157556217306,-25.04060672991323
3.9999899999924167,-30.55240861544354,-7.359494345663673,-0.02081893414137287,-26.369168789252463
4.049989874992322,-31.31201944230404,-7.568336345752256,-0.02134280755434781,-27.859408977968396
4.099989749992227,-32.176023737017324,-7.7813112191756675,-0.02187319607061818,-29.56368202771212
4.149989624992132,-33.160055894172395,-7.99851241521497,-0.02241009996308855,-31.56602864664821
4.1999894999920375,-34.28612325847695,-8.220038204749242,-0.022953519508020218,-34.01444565937199
4.249989374991943,-35.586058447073825,-8.445992016826878,-0.023503454985054996,-37.20879385471665
4.299989249991848,-37.10782268036554,-8.676482805905424,-0.02405990667719824,-41.92375825191302
4.349989124991754,-38.928013208996475,-8.911625453187042,-0.024622874870828104,-51.748780767007965
4.399988999991659,-41.179693918921174,-9.151541205933164,-0.025192359855693052,-52.04829598415547
4.449988874991564,-44.125571079110166,-9.396358159169198,-0.025768361924924935,-42.80219623530785
4.499988749991468,-48.41027971824326,-9.646211784801075,-0.026350881375020042,-38.67068761121902
4.549988624991374,-56.59266249436694,-9.901245513875127,-0.026939918505849224,-36.06117581602471
4.599988499991279,-62.870188884772034,-10.161611378539222,-0.027535473620667945,-34.19891529766316
4.649988374991184,-51.09513547423094,-10.427470721229145,-0.02813754702609443,-32.784270448785776
4.69998824999109,-46.527175275873574,-10.698994979736078,-0.028746139032139066,-31.669540888791083
4.7499881249909945,-43.74537857564772,-10.976366558142223,-0.029361249952181513,-30.77101201769856
4.7999879999909,-41.80626713423051,-11.259779795181766,-0.02998288010298074,-30.036673867460095
4.849987874990806,-40.36637184982776,-11.549442043443811,-0.030611029804680157,-29.432040659360105
4.899987749990711,-39.261733656572936,-11.84557487504291,-0.03124569938080117,-28.933111645183427
4.949987624990616,-38.40142496742426,-12.148415432018014,-0.031886889158249235,-28.522550449092346
4.999987499990521,-37.72996205810615,-12.458217942876509,-0.032534599467304505,-28.187464616255248
5.049987374990426,-37.211209652590284,-12.775255430494951,-0.033188830641643324,-27.918043495024936
5.099987249990331,-36.82054105335421,-13.099821641172158,-0.033849583018320084,-27.70668531429292
5.149987124990236,-36.54065067772504,-13.432233230192294,-0.03451685693777424,-27.547417308481986
5.199986999990142,-36.359159657469505,-13.772832246037394,-0.03519065274382759,-27.435498889915277
5.249986874990047,-36.2671764416574,-14.121988963699344,-0.03587097078370189,-27.36714334027587
5.299986749989952,-36.25840191444374,-14.480105127779833,-0.036557811407992885,-27.33931870250176
5.3499866249898576,-36.32856493979593,-14.8476176787518,-0.037251174970699505,-27.349603132680755
5.399986499989763,-36.47507180478056,-15.22500305156472,-0.03795106182919591,-27.396078719231745
5.449986374989668,-36.696805238098314,-15.612782155602723,-0.03865747234426456,-27.47725320327948
5.499986249989574,-36.99403915144341,-16.011526170034408,-0.039370406880064324,-27.592002507008498
5.549986124989479,-37.36845544375331,-16.42186332041636,-0.04008986580415676,-27.739529269434776
5.599985999989383,-37.82326551475496,-16.844486843174348,-0.04081584948749547,-27.919334154763753
5.649985874989288,-38.36345618079496,-17.280164397216787,-0.041548358304430086,-28.13119781276204
5.699985749989194,-38.9962024283969,-17.729749250467577,-0.0422873926327024,-28.375172208025795
5.749985624989099,-39.73152547763251,-18.19419365915987,-0.04303295285346186,-28.651580713166886
5.799985499989004,-40.58333835909128,-18.67456497722243,-0.04378503935124531,-28.961026966233625
5.8499853749889095,-41.571143342014174,-19.172065193305038,-0.04454365251399528,-29.304413097963995
5.899985249988815,-42.72289765683784,-19.688054810239294,-0.04530879273305616,-29.68296861255795
5.94998512498872,-44.08012882698296,-20.224082279928627,-0.04608046040316733,-30.098292043016784
5.999984999988626,-45.707779294209814,-20.781920621400594,-0.04685865592247278,-30.552408616192107
6.049984874988531,-47.715197880813676,-21.363613434921668,-0.04764337969253563,-31.0478487281437
6.099984749988435,-50.3079322937732,-21.971533363742317,-0.048434632118300146,-31.587754322599316
6.14998462498834,-53.94802050661933,-22.60845727786558,-0.04923241360813144,-32.17602373741582
6.199984499988246,-60.110304139718764,-23.277664271263806,-0.05003672457380073,-32.817511009234366
6.249984374988151,-130.3831249863045,-23.983065321168343,-0.05084756543048141,-33.51830437191387
6.299984249988056,-60.474440285940936,-24.729377740769564,-0.0516649365967711,-34.28612325832664
6.349984124987962,-54.66820332878047,-25.522364385450615,-0.05248883849465661,-35.130898316814914
6.3999839999878665,-51.386078756385075,-26.36916878805799,-0.053319271549555416,-36.065644410056066
6.449983874987772,-49.15192158068515,-27.27879644963736,-0.05415623619029219,-37.107822679256834
6.499983749987678,-47.50347637013895,-28.26282615139581,-0.054999732849101486,-38.28156067661337
6.549983624987583,-46.23515913002673,-29.336497291970073,-0.05584976196164201,-39.621472134675614
6.599983499987488,-45.23763671820292,-30.52044030518971,-0.05670632396698089,-41.17969391577753
6.649983374987393,-44.446002081138005,-31.843568565857836,-0.05756941930760791,-43.040060834610244
6.699983249987298,-43.818772075165924,-33.348214519616796,-0.05843904842942748,-45.35037090276464
6.749983124987203,-43.328038587997455,-35.09999071610791,-0.059315211781778676,-48.41027970812884
6.799982999987108,-42.95435130455347,-37.208793845577915,-0.06019790981740486,-52.99419799331369
6.849982874987014,-42.68385106187199,-39.88060568044814,-0.061087142992481476,-62.69042206593869
6.899982749986919,-42.5065719508914,-43.577784683611895,-0.061982911766608854,-62.87018895153486
6.9499826249868235,-42.41539549569404,-49.77533105031846,-0.06288521660280609,-53.50167354481207
6.9999824999867295,-42.40539246683361,-119.0778809497378,-0.06379405796752513,-49.25190513172106
7.049982374986635,-42.47341007163489,-50.14630973911261,-0.06470943633065143,-46.5271752877062
7.09998224998654,-42.61782602048052,-44.310699565411426,-0.06563135216548498,-44.55251444088563
7.149982124986446,-42.83842701653404,-40.977639508112105,-0.06655980594877196,-43.02814953981216
7.19998199998635,-43.13639196432536,-38.67068762667365,-0.06749479816068102,-41.80626714181947
7.249981874986255,-43.51437724109945,-36.92726016750803,-0.06843632928481727,-40.80305120680301
7.29998174998616,-43.976717680271726,-35.54135327676949,-0.06938439980822383,-39.966397939385544
7.349981624986066,-44.52977710473358,-34.403106761275055,-0.07033901022137157,-39.26173366256748
7.399981499985971,-45.18251270943687,-33.446967095777374,-0.07130016101818384,-38.66497476843229
7.449981374985875,-45.94736977867872,-32.63067146711891,-0.07226785269600484,-38.15870649471161
7.499981249985781,-46.84172074271387,-31.925382064794874,-0.07324208575563312,-37.72996206323097
7.5499811249856865,-47.89025888826505,-31.31054791225629,-0.0742228607013025,-37.368860236551555
7.599980999985592,-49.12918438978476,-30.771012025128943,-0.07521017804069706,-37.06773212184733
7.649980874985498,-50.61404102141496,-30.295280570598354,-0.07620403828493105,-36.82054105789467
7.699980749985403,-52.43580389049312,-29.874435368279514,-0.07720444194857848,-36.62248557569382
7.749980624985307,-54.75844533602775,-29.501422560281014,-0.07821138954966173,-36.46972089886751
7.799980499985213,-57.92533560075407,-29.17057138842683,-0.07922488160963831,-36.3591596615509
7.849980374985118,-62.87931297644526,-28.877259182807112,-0.08024491865343028,-36.288327100798185
7.899980249985023,-75.03197526900063,-28.61767231917373,-0.08127150120940417,-36.25525472890902
7.949980124984928,-69.1708431118726,-28.38863196106596,-0.08230462980938488,-36.25840191811322
7.999979999984833,-61.37778254136868,-28.187464622104585,-0.08334430498864515,-36.29659830320914
8.04997987498474,-57.48839863534377,-28.01190441514889,-0.08439052728592045,-36.369002200598636
8.099979749984644,-54.94094949201896,-27.860018139279234,-0.08544329724340247,-36.47507180803536
8.14997962498455,-53.090474882743706,-27.730147113819207,-0.08650261540674116,-36.61454706376911
8.199979499984455,-51.67424951458247,-27.620861486418594,-0.08756848232504887,-36.78744088130988
8.24997937498436,-50.5592701220896,-27.53092396567018,-0.08864089855089755,-36.99403915423773
8.299979249984265,-49.66903069326635,-27.459260767958618,-0.08971986464033072,-37.23490953083231
8.34997912498417,-48.9556769900809,-27.40493815394303,-0.09080538115284405,-37.51091956361297
8.399978999984075,-48.38749368574568,-27.367143345365783,-0.0918974486514186,-37.82326551699364
8.44997887498398,-47.9425988604887,-27.3451689116685,-0.0929960677024859,-38.17351395362416
8.499978749983885,-47.60549082895409,-27.338399933802332,-0.09410123887596311,-38.56365933407237
8.54997862498379,-47.36503665361069,-27.346303413574,-0.09521296274522582,-38.996202429912756
8.599978499983695,-47.21324701645594,-27.36841951720838,-0.09633123988713348,-39.47425664239358
8.6499783749836,-47.144508983139076,-27.404354332843056,-0.09745607088201964,-40.001692790794834
8.699978249983507,-47.15510247583132,-27.45377389134638,-0.09858745631368815,-40.58333835959129
8.749978124983413,-47.242904817225096,-27.51639925381911,-0.09972539676942585,-41.22525593840376
8.799977999983318,-47.40723086581967,-27.5920025114781,-0.10086989284000349,-41.9351401617778
8.849977874983223,-47.648782379960295,-27.680403577305633,-0.10202094511966703,-42.72289765576798
8.899977749983128,-47.96969857214056,-27.781467676090436,-0.1031785542061463,-43.60151995128803
8.949977624983031,-48.373715877696625,-27.895103461949144,-0.10434272070065995,-44.588445432197446
8.999977499982936,-48.86646328197219,-28.021261711383083,-0.10551344520791522,-45.70777929034637
9.049977374982843,-49.45594565729371,-28.15993455640532,-0.10669072833609827,-46.99411298788398
9.099977249982748,-50.153310697876165,-28.311155237095956,-0.10787457069689747,-48.49956060247764
9.149977124982653,-50.97407354297523,-28.474998366815903,-0.10906497290548667,-50.307932283449006
9.199976999982558,-51.9401273647351,-28.651580716872672,-0.11026193558053282,-52.56699583996091
9.249976874982464,-53.08319483272609,-28.841062541303508,-0.11146545934419899,-55.576358758955415
9.299976749982369,-54.4511300989923,-29.04364947726339,-0.11267554482215181,-60.11030409731599
9.349976624982274,-56.12042361198242,-29.259595072984,-0.11389219264354765,-69.75611987521785
9.39997649998218,-58.224026368539874,-29.489204014233884,-0.1151154034410433,-69.89197291558176
9.449976374982086,-61.024505686383044,-29.732836142669683,-0.11634517785081527,-60.474440339519624
9.499976249981989,-65.16624068831408,-29.9909113867067,-0.11758151651251847,-56.17748821950186
9.549976124981894,-73.20679491506466,-30.263915759216342,-0.11882442006933586,-53.406399159663415
9.5999759999818,-79.35675500027028,-30.55240861868893,-0.12007388916794401,-51.38607877782013
9.649975874981704,-67.44192355768541,-30.857031444457682,-0.12132992445853924,-49.81670992510501
9.699975749981611,-62.74076623587569,-31.178518446241256,-0.12259252659482359,-48.55045400149538
9.749975624981516,-59.82850996381053,-31.517709419275967,-0.12386169623401344,-47.50347638503351
9.799975499981421,-57.76132094605862,-31.875565376619527,-0.12513743403684008,-46.62365762719875
9.849975374981327,-56.19559474025732,-32.253187651121145,-0.12641974066756015,-45.87640997414902
9.899975249981232,-54.96728522004567,-32.6518413774011,-0.1277086167939359,-45.237636730183155
9.949975124981137,-53.985394659612076,-33.07298456288707,-0.129004063087258,-44.6899107468294
9.999974999981042,-53.19437725337066,-33.518304372122834,-0.13030608022234164,-44.220253406022735
10.049974874980947,-52.55804046553021,-33.98976283408564,-0.13161466887752388,-43.81877208540865
10.099974749980852,-52.05170374436765,-34.48965502119982,-0.13292982973467027,-43.47778690418814
10.149974624980757,-51.65801034206589,-35.02068397176454,-0.13425156347916553,-43.19125057055041
10.199974499980662,-51.36453250325946,-35.586058444660296,-0.1355798707999485,-42.954351313558334
10.249974374980567,-51.16233180437999,-36.18962235239215,-0.13691475238946346,-42.763234361466814
10.299974249980473,-51.045064085331276,-36.83602900105457,-0.1382562089437041,-42.61480264181189
10.34997412498038,-51.008414851643764,-37.53098009410904,-0.139604241162203,-42.50657195888621
10.399973999980284,-51.049748601045394,-38.28156067125346,-0.14095884974801545,-42.43656465313394
10.44997387498019,-51.167907741135565,-39.09672020263581,-0.14232003540775728,-42.40323117434901
10.499973749980095,-51.363127239451686,-39.98798369415137,-0.14368779885157104,-42.40539247390451
10.54997362498,-51.637051341377706,-40.97053879005042,-0.14506214079315172,-42.442198414205954
10.599973499979903,-51.99285499807015,-42.06496589342159,-0.1464430619497396,-42.51309895950424
10.649973374979808,-52.435489692430096,-43.30012963897964,-0.14783056304212244,-42.61782602661788
10.699973249979715,-52.97209609141874,-44.71831428482676,-0.1492246447946409,-42.756384711679814
10.74997312497962,-53.612661984966124,-46.38508326321012,-0.15062530793518292,-42.92905328724332
10.799972999979525,-54.37106769366882,-48.41027967434591,-0.15203255319519693,-43.13639196943271
10.84997287497943,-55.26678324028743,-50.99981680135471,-0.15344638130968635,-43.37926106013997
10.899972749979336,-56.327733637618174,-54.61592829727796,-0.15486679301720982,-43.65884974736586
10.94997262497924,-57.59541339648944,-60.73314390460859,-0.15629378905989533,-43.97671768414839
10.999972499979147,-59.134729389849376,-126.03308981260561,-0.15772737018342387,-44.334852580558305
11.049972374979053,-61.054987971731165,-60.95247904767113,-0.15916753713704826,-44.73574860858463
11.099972249978958,-63.56167452755503,-55.04027768434529,-0.16061429067359076,-45.182512711723504
11.149972124978861,-67.11669315420474,-51.63238868350294,-0.16206763154943502,-45.67900938283954
11.199971999978766,-73.19431846110868,-49.25190518346749,-0.16352756052453965,-46.23005989855578
11.249971874978671,-138.28120956441578,-47.43612742883673,-0.1649940783624458,-46.84172074276105
11.299971749978576,-73.3989601606684,-45.978994552918984,-0.16646718583025524,-47.52168052391382
11.349971624978483,-67.51132664361894,-44.77060689501354,-0.16794688369865668,-48.27983988897573
11.399971499978388,-64.14957306891489,-43.74537861504402,-0.16943317274191946,-49.129184386304715
11.449971374978293,-61.83698982299565,-42.86101824605275,-0.17092605373789635,-50.08714633067781
11.499971249978199,-60.11119219092777,-42.08866156481123,-0.17242552746802303,-51.17782461208535
11.549971124978104,-58.766539900681416,-41.40773275783644,-0.17393159471731504,-52.43580388040122
11.599970999978009,-57.69366477777527,-40.80305122991266,-0.17544425627439267,-53.91319031418803
11.649970874977912,-56.82763302793309,-40.26310056042459,-0.17696351293145635,-55.69378373673174
11.699970749977819,-56.12693872798438,-39.77894087534948,-0.17848936548430067,-57.92533557303733
11.749970624977724,-55.56365320411484,-39.343497428743376,-0.18002181473232037,-60.907418531463016
11.79997049997763,-55.118306995449416,-38.95107931469641,-0.18156086147850825,-65.41420084445244
11.849970374977534,-54.777022798982685,-38.59704440489291,-0.18310650652945543,-75.03197501485505
11.89997024997744,-54.52981734251773,-38.27756026423481,-0.1846587506953543,-75.14584891220441
11.949970124977344,-54.36955542558035,-37.989429857453004,-0.18621759479001046,-65.70081306543345
11.999969999977251,-54.291291642482506,-37.72996208034021,-0.18778303963083065,-61.37778260378599
